entity_id,amount,tx_count,anomaly_iforest_norm,anomaly_lof_norm,risk_score
A002,120000,1,0.9999999922711156,0.0,0.5999999969084446
A004,30000,1,0.28617902073581025,0.9999999995,0.5644716080943237
A005,5000,1,0.5981778942256831,0.0,0.24760449102360654
A001,10000,1,0.16475489455100079,0.0,0.08256862448706684
A003,10000,1,0.0,0.0,0.016666666666666528
